{
  "snmalloc-repo": {
    "hybrid": {
      "barnes": {
        "normalised-total-time": 0.9985528219971056
      },
      "binary_tree": {
        "normalised-total-time": 0.42616033755274263
      },
      "cfrac": {
        "normalised-total-time": 0.8715667311411993
      },
      "espresso": {
        "normalised-total-time": 0.9079623287671232
      },
      "glibc_bench_simple": {
        "normalised-total-time": 0.7773880194279547
      },
      "mstress": {
        "normalised-total-time": 0.8070175438596492
      },
      "richards": {
        "normalised-total-time": 0.9503759398496241
      }
    },
    "purecap": {
      "barnes": {
        "normalised-total-time": 1.0
      },
      "binary_tree": {
        "normalised-total-time": 0.4906832298136646
      },
      "cfrac": {
        "normalised-total-time": 0.9098613251155624
      },
      "espresso": {
        "normalised-total-time": 0.8759048603929679
      },
      "glibc_bench_simple": {
        "normalised-total-time": 0.7187120291616039
      },
      "mstress": {
        "normalised-total-time": 0.7874396135265701
      },
      "richards": {
        "normalised-total-time": 0.9989417989417989
      }
    }
  }
}
